Day,Harvest
222.151515151517,22.5164850324183
313.060606060608,22.5633880535246
635.484848484849,22.5751597921552
698.515151515152,22.5655952545179
