AvDay,PP.mm
104.114648225978,166.350710900474
135.117191769253,242.18009478673
165.563404771131,719.905213270142
196.470803898775,659.241706161137
230.064711317774,852.60663507109
261.120112869733,1004.2654028436
290.032122169563,481.042654028436
319.896897075919,124.644549763033
351.630202589248,48.815165876777
380.899003447693,37.4407582938386
414.35283714368,29.8578199052131
444.463401790416,26.0663507109002
