Day,Harvest
232.572390787013,52.1621621621622
360.550696923338,52.2972972972973
