AvDay,PP.mm
15.2942430703625,61.4213197969543
44.5842217484009,45.4314720812183
74.9019189765459,89.5939086294417
105.219616204691,186.294416243655
136.051172707889,142.131979695431
165.341151385928,34.771573604061
195.658848614073,16.4974619289341
225.976545842217,18.7817258883249
255.780383795309,25.6345177664975
285.070362473348,57.6142131979696
315.388059701493,135.279187817259
345.705756929638,85.7868020304568
